Row ID,Title,Start Date,End Date
MNJ41iq7Rn4lY_c2yFaMb3,Item 1,7/26/2024 12:00:00 AM,Not Started
WdfpKzzNIl47MumE6yJpu0,Item 2,7/25/2024 12:00:00 AM,In Progress
_F65i73A004C2vzB8DfJT7,Item 3,7/25/2024 12:00:00 AM,In Progress
-q1HV_SpLW44Mf5Aoop2bb,Item 4,7/24/2024 12:00:00 AM,Complete
Cj9Vxe8atPUIlMe12qCyNu,Interview Session,7/25/2024 12:00:00 AM,
v7eTUwNnCSXGaZgqzPYmsn,Interview Session,7/24/2024 12:00:00 AM,
qPua9wxxoSlxUfUMVRSnmH,Interview Session,7/24/2024 12:00:00 AM,
tSDWFcJ6t192Ndvt8dl6S5,Interview Session,7/24/2024 12:00:00 AM,
1nc9AW9HSQoFMrH5isHT63,Interview Session,7/24/2024 12:00:00 AM,
WhNbjE6taS2S3JAY11Q8sB,Interview Session,7/24/2024 12:00:00 AM,
cKsfS0s3r2nsFe442mX7tQ,Interview Session,7/24/2024 12:00:00 AM,
h9wCqJhrnOmL1rz2sHSZvG,Interview Session,7/24/2024 11:29:24 PM,
9QiHkhwrT1JFNOK3lHuS3h,Interview Session,7/25/2024 1:00:00 PM,
bIynWXg2RyeMGPMLyYxjKC,,7/24/2024 11:32:37 PM,
QXxAIERWOs90VQ7aIc1GIh,,7/24/2024 11:43:20 PM,
VSVLD9nQXOU2D4GRo8A0qJ,Interview Session,7/24/2024 12:00:00 AM,
C9Lk7VUxVIWV7VyCqVr64z,"Item 1,Item 2,Item 3,Item 4,Interview Session,Interview Session,Interview Session,Interview Session,Interview Session,Interview Session,Interview Session,Interview Session,Interview Session,,,Interview Session,Interview Session",7/24/2024 11:48:30 PM,
GK55M3Vxjd9yymldwNouvk,Interview Session,7/25/2024 12:06:20 AM,
5MclX5J5eAifjoMhGgcLUn,Interview Session,7/25/2024 5:00:00 PM,
1Pk6K94BxRYbFETMlZhB0q,"Item 1,Item 2,Item 3,Item 4,Interview Session,Interview Session,Interview Session,Interview Session,Interview Session,Interview Session,Interview Session,Interview Session,Interview Session,,,Interview Session,Item 1,Item 2,Item 3,Item 4,Interview Session,Interview Session,Interview Session,Interview Session,Interview Session,Interview Session,Interview Session,Interview Session,Interview Session,,,Interview Session,Interview Session,Interview Session,Interview Session,Interview Session with Me",7/25/2024 12:09:48 AM,
Y3dvtLKdxrhy6iijEZmp7A,"Item 1,Item 2,Item 3,Item 4,Interview Session,Interview Session,Interview Session,Interview Session,Interview Session,Interview Session,Interview Session,Interview Session,Interview Session,,,Interview Session,Item 1,Item 2,Item 3,Item 4,Interview Session,Interview Session,Interview Session,Interview Session,Interview Session,Interview Session,Interview Session,Interview Session,Interview Session,,,Interview Session,Interview Session,Interview Session,Interview Session,Item 1,Item 2,Item 3,Item 4,Interview Session,Interview Session,Interview Session,Interview Session,Interview Session,Interview Session,Interview Session,Interview Session,Interview Session,,,Interview Session,Item 1,Item 2,Item 3,Item 4,Interview Session,Interview Session,Interview Session,Interview Session,Interview Session,Interview Session,Interview Session,Interview Session,Interview Session,,,Interview Session,Interview Session,Interview Session,Interview Session,Interview Session with Me,Interview Session with Me",7/25/2024 12:11:18 AM,
vApl09evhWUBybjgaPiG9J,Interview Session,7/26/2024 2:13:14 PM,
1JP4HIQgXIlt4FHgZUMoRj,Interview Session with me,7/26/2024 2:15:01 PM,
CJ8TFRymhMFZgVDERvwLQs,Interview Session with Me,7/26/2024 3:30:00 PM,
y0iabrlsnfEZVEJPPsYTVi,Interview Session here,7/26/2024 3:30:00 PM,
TsI1ZjLM7LEmlL5tGAR4ix,Interview Session ok,7/26/2024 1:40:00 PM,
Hs99nbPWBhHRvaTFCqVSPd,Interview Session k,7/26/2024 2:40:20 PM,
emyJ0viqalalOqOGZisC28,n hii,7/26/2024 1:00:00 AM,
o8hlylKZ5S45lUYypnaOm3,sing k,7/26/2024 13:00:00,
93ZDIWoJG3v2S1oxS06tyM,kkkkk,7/26/2024 2:00:26,
MLrFpayaIpKsa7KNnrrOFz,blek,7/27/2024 14:00:14,
AApLAgX6XREGNxJ7I9S3lz,huuuh,7/25/2024 14:00:01,
ZLOIa6lmxPdj2rgQH4pPE3,you,7/26/2024 15:04:00,
0x7uaZU1WT9RZX1o98QuTL,yeahh,7/26/2024 16:00:00,
RkhDS3oyEx314PdPgy3ueN,myyyyyyy,7/26/2024 12:00:00,
UaQN3FikkSKMsQNldTG5xO,sing kk,7/26/2024 17:00:00,
cqURFiWrDLVt2DZUkf23FJ,Interview Session singk,7/26/2024 21:48:39,
rrFNdS62UUhIULqY7zdLbG,hiii,7/25/2024 21:55:37,
Ulr04d37p4TKXtHzS8k1LB,sing k ma,7/25/2024 21:59:23,
KRzM48gZJJ8KV7FCvT1hkb,ss,7/25/2024 22:02:23,
ss,7/25/2024 7:02:23,7/25/2024 8:02:23,
Fwkl8vCkI2ATuX451TmY5J,Interview Session,7/25/2024 22:03:27,
Interview Session,7/25/2024 7:03:27,7/25/2024 8:03:27,
JLWflfulN0TeGAcpCBDcrB,Interview Session b,7/25/2024 22:05:09,
iOOBYwBmwzWPfXhWGUbHju,hi,7/25/2024 22:12:36,
JKtjx7lHF31aNE8R9VLxbQ,Interview Session,7/25/2024 22:17:04,
7R9fy7LpRhKwRpUQ5A0D6r,Interview Session kk,7/26/2024 22:17:19,
8gQ1JO4nMquH7sgpxTVXvU,blek,7/25/2024 22:23:00,7/25/2024 23:23:00
fJnpXB6W2Rui4d9a2x235R,hello,7/25/2024 1:26:00,7/25/2024 2:26:00
VNiZe7x1j1OpjdxtsEwwlk,Interview Session hii,7/27/2024 22:32:00,7/27/2024 23:32:05
9DfYjOOE4a8OwOIVl93zE4,sing k lor,7/29/2024 8:30:00,7/29/2024 9:30:00
HB65eAZczFJ1jmRxPTOKed,Interview Session,7/29/2024 2:37:00,7/29/2024 3:37:00