Row ID,Id,Date Applied,Applicant Id,Applicant Name,Job Id
JCQTRDCF4YI67HUZYIOSDK,455a0c14-7966-4d32-807a-89b157655bd0,7/7/2024,8f91da9c-1039-43ac-8423-1f6e2460868d,,JLM5ZZSF4YI67HUZYIOSDK
JCQT4BKF4YI67HUZYIOSDK,adb6eb9a-03fb-4c13-85fe-a210ffede9d7,7/7/2024,a2b42a3a-a16c-417e-9bd1-4aba707239e6,,JLM7ORKF4YI67HUZYIOSDK
JCQT4D2F4YI67HUZYIOSDK,11c0a4d5-e9f1-473d-b66a-368fd96c3a8f,7/7/2024,b48036bf-00b9-4f20-8be4-befd4b1be444,,JLM7YQSF4YI67HUZYIOSDK
JCQT63KF4YI67HUZYIOSDK,4489d994-4924-4e30-afd1-1007afdd126b,7/7/2024,419712bb-ee7f-431d-8ec5-9fae54928407,,JLNBI42F4YI67HUZYIOSDK
JCQUB7KF4YI67HUZYIOSDK,e8044f48-c44c-4080-bdfb-5d3bfc065253,7/7/2024,741b6f02-75c5-45aa-ae13-311ac9d13f7a,,JLNBTV2F4YI67HUZYIOSDK
JCQUE5CF4YI67HUZYIOSDK,56914ff4-cebf-44c9-b782-b74e0b84d429,7/7/2024,12abcee1-f2df-45f2-a234-8c0d157b62ec,,JLNASYCF4YI67HUZYIOSDK
JCQUQCKF4YI67HUZYIOSDK,ad8d472c-7127-4794-8cd3-760cfdaec3fc,7/7/2024,34e36d99-685d-4685-a47d-3c1e22f670d9,,JLNAFRCF4YI67HUZYIOSDK
JCQUTTSF4YI67HUZYIOSDK,4e8f4193-14a0-44c5-811a-e64dc385e1fd,7/7/2024,328e87bd-b18b-4b0b-bae9-90d71c080781,,JLM64M2F4YI67HUZYIOSDK
JCQUTXCF4YI67HUZYIOSDK,2b05385c-eb9f-430c-ba20-de0de95c1eba,7/7/2024,cb9a0acb-0bc9-4825-94a4-26eb325eba53,,JLM6SLKF4YI67HUZYIOSDK
JCQUW4CF4YI67HUZYIOSDK,1fb0aa1d-6b47-4df1-aecf-972b49fa0c2c,7/7/2024,d55db0d1-fca5-4810-b366-128c3e733f34,,JLNA5YSF4YI67HUZYIOSDK
WSpcioBxewFquPu29IL3kS,B50A7883-7C2C-4CC9-9062-79A0E0F7EE3B,,d55db0d1-fca5-4810-b366-128c3e733f34,,
TUeJp8AjH1ETBgfqX4wUdI,4E997947-7201-405A-853A-E3090E151718,,328e87bd-b18b-4b0b-bae9-90d71c080781,,
Vj2XOcaiJhCT0aKwOdFySD,F7942263-71A8-4EE6-BC7C-6CB675D1C265,,,,
d0wQzP9vGzWwOOt6bLRBBk,7A892822-4438-47CE-AD0B-1F7012777778,,,,
,,,,,
5hgo6xL45OJRpVsoIpNUO4,3E73F1DA-585A-4A87-AE3A-AE4B171CD557,,b48036bf-00b9-4f20-8be4-befd4b1be444,,
SI0EcmAxctFNMv6PkYO0Fr,3B837CF7-0862-4DE4-96B9-008AE04D732A,,328e87bd-b18b-4b0b-bae9-90d71c080781,,
XNovQsEe6LlT4qrMAVUwHx,7FF80C6A-ED4D-4EF8-8908-9EA34756CA38,,b48036bf-00b9-4f20-8be4-befd4b1be444,,